arm,condition,layer,BASE,STRONG,locked_arm,sft_component,lock_component,total,is_selected_layer
PW,pw,0,,,,,,,False
PW,pw,1,0.5246498584747314,0.5266856849193573,0.5388474762439728,0.0020358264446258545,0.012161791324615479,0.014197617769241333,False
PW,pw,2,0.5572941601276398,0.5147099196910858,0.5600355267524719,-0.042584240436553955,0.04532560706138611,0.0027413666248321533,False
PW,pw,3,0.6488189399242401,0.6202147305011749,0.777604877948761,-0.028604209423065186,0.15739014744758606,0.12878593802452087,False
PW,pw,4,0.5633827447891235,0.5174148976802826,0.6729441583156586,-0.04596784710884094,0.15552926063537598,0.10956141352653503,False
PW,pw,5,0.5325190126895905,0.5002903789281845,0.6535349190235138,-0.032228633761405945,0.15324454009532928,0.12101590633392334,False
PW,pw,6,0.4729071706533432,0.49079324305057526,0.6297276616096497,0.017886072397232056,0.1389344185590744,0.15682049095630646,False
PW,pw,7,0.5091219842433929,0.4990277886390686,0.6289108395576477,-0.01009419560432434,0.1298830509185791,0.11978885531425476,False
PW,pw,8,0.49058420956134796,0.4534575939178467,0.5932457447052002,-0.03712661564350128,0.13978815078735352,0.10266153514385223,False
PW,pw,9,0.5153628289699554,0.447461262345314,0.5189639925956726,-0.06790156662464142,0.07150273025035858,0.003601163625717163,False
PW,pw,10,0.4877249151468277,0.4566658288240433,0.564921498298645,-0.031059086322784424,0.10825566947460175,0.07719658315181732,False
PW,pw,11,0.4527279883623123,0.4218301326036453,0.5699400901794434,-0.030897855758666992,0.14810995757579803,0.11721210181713104,False
PW,pw,12,0.4023788869380951,0.37827517092227936,0.4741640836000442,-0.024103716015815735,0.09588891267776484,0.0717851966619491,False
PW,pw,13,0.424069732427597,0.36417968571186066,0.3587491512298584,-0.059890046715736334,-0.005430534482002258,-0.06532058119773859,False
PW,pw,14,0.44975653290748596,0.39789293706417084,0.27171558141708374,-0.051863595843315125,-0.1261773556470871,-0.17804095149040222,False
PW,pw,15,0.40377315878868103,0.3078976646065712,0.161579992622137,-0.09587549418210983,-0.1463176719844342,-0.24219316616654404,True
PW,pw,16,0.35360537469387054,0.3623645752668381,0.07781860232353205,0.00875920057296753,-0.284545972943306,-0.2757867723703385,False
PW,pw,17,0.25563962757587433,0.3337814956903457,0.04677984060253945,0.07814186811447138,-0.2870016550878063,-0.20885978697333488,False
PW,pw,18,0.2798749655485153,0.29657840728759766,0.0817395187914371,0.016703441739082336,-0.21483888849616056,-0.19813544675707823,False
PW,pw,19,0.2439187243580818,0.27592398226261133,0.09129897505044934,0.032005257904529544,-0.184625007212162,-0.15261974930763245,False
PW,pw,20,0.21055833250284195,0.25455600768327713,0.17380008846521375,0.04399767518043518,-0.08075591921806338,-0.0367582440376282,False
PW,pw,21,0.19639687240123743,0.2338091507554054,0.21020392328500745,0.037412278354167966,-0.02360522747039795,0.013807050883770017,False
PW,pw,22,0.19867049902677536,0.2042064145207405,0.16275101155042643,0.005535915493965149,-0.04145540297031408,-0.03591948747634893,False
PW,pw,23,0.15976186096668238,0.1846922934055328,0.13345374166965485,0.02493043243885043,-0.05123855173587796,-0.026308119297027532,False
PW,pw,24,0.09056960418820376,0.18872162699699396,0.12914505600929255,0.0981520228087902,-0.059576570987701416,0.03857545182108879,False
PW,pw,25,0.0709378384053707,0.1555918306112289,0.1455939337611198,0.08465399220585819,-0.0099978968501091,0.07465609535574909,False
PW,pw,26,0.1488876789808273,0.1768010407686233,0.11194643750786776,0.027913361787795993,-0.06485460326075554,-0.036941241472959546,False
PW,pw,27,0.16142509877681732,0.20743811130523676,0.13208698108792305,0.04601301252841944,-0.07535113021731371,-0.029338117688894272,False
PW,pw,28,0.14346892386674875,0.20838278532028195,0.01510872622020545,0.0649138614535332,-0.1932740591000765,-0.1283601976465433,False
SEM,sem,0,,,,,,,False
SEM,sem,1,0.7437226176261902,0.7413747310638428,0.7422851324081421,-0.002347886562347412,0.0009104013442993164,-0.0014374852180480957,False
SEM,sem,2,0.7704580724239349,0.7676045894622803,0.7940402626991272,-0.002853482961654663,0.026435673236846924,0.02358219027519226,False
SEM,sem,3,0.6381877958774567,0.6704028844833374,0.6531586647033691,0.03221508860588074,-0.01724421977996826,0.014970868825912476,False
SEM,sem,4,0.6762493252754211,0.6618083119392395,0.688587099313736,-0.01444101333618164,0.02677878737449646,0.01233777403831482,False
SEM,sem,5,0.6776067614555359,0.6501017510890961,0.6528173685073853,-0.02750501036643982,0.0027156174182891846,-0.024789392948150635,False
SEM,sem,6,0.6134847402572632,0.5523001551628113,0.5166008472442627,-0.061184585094451904,-0.035699307918548584,-0.09688389301300049,False
SEM,sem,7,0.5245489776134491,0.4846068024635315,0.4725872129201889,-0.0399421751499176,-0.01201958954334259,-0.05196176469326019,False
SEM,sem,8,0.5463177859783173,0.5378140509128571,0.5231958776712418,-0.008503735065460205,-0.014618173241615295,-0.0231219083070755,False
SEM,sem,9,0.53409343957901,0.5131789296865463,0.5327297747135162,-0.020914509892463684,0.01955084502696991,-0.0013636648654937744,False
SEM,sem,10,0.5395488739013672,0.5256178826093674,0.5606240630149841,-0.013930991291999817,0.03500618040561676,0.021075189113616943,False
SEM,sem,11,0.565904974937439,0.5216113030910492,0.5878134667873383,-0.04429367184638977,0.06620216369628906,0.021908491849899292,False
SEM,sem,12,0.6585034132003784,0.5591779351234436,0.8557924628257751,-0.09932547807693481,0.29661452770233154,0.19728904962539673,False
SEM,sem,13,0.6111235320568085,0.4620009958744049,0.7520400285720825,-0.14912253618240356,0.2900390326976776,0.14091649651527405,False
SEM,sem,14,0.5922683775424957,0.4862106293439865,0.6708914339542389,-0.10605774819850922,0.18468080461025238,0.07862305641174316,False
SEM,sem,15,0.5092170834541321,0.405676856637001,0.5995053946971893,-0.1035402268171311,0.19382853806018835,0.09028831124305725,False
SEM,sem,16,0.45855575799942017,0.4176741689443588,0.5611375570297241,-0.04088158905506134,0.1434633880853653,0.10258179903030396,False
SEM,sem,17,0.27384690940380096,0.2941232770681381,0.5204392075538635,0.020276367664337158,0.2263159304857254,0.24659229815006256,False
SEM,sem,18,0.3174551129341125,0.29777988046407694,0.47365938127040863,-0.019675232470035553,0.1758795008063317,0.15620426833629614,True
SEM,sem,19,0.32778802514076233,0.3073088377714157,0.4495982676744461,-0.02047918736934662,0.1422894299030304,0.12181024253368378,False
SEM,sem,20,0.2632959187030792,0.3419155925512314,0.547543078660965,0.07861967384815216,0.20562748610973358,0.28424715995788574,False
SEM,sem,21,0.25335071980953217,0.3416845500469208,0.5128806978464127,0.08833383023738861,0.17119614779949188,0.2595299780368805,False
SEM,sem,22,0.3459281176328659,0.3481148034334183,0.44902391731739044,0.002186685800552368,0.10090911388397217,0.10309579968452454,False
SEM,sem,23,0.34856991469860077,0.3691457062959671,0.4048863500356674,0.020575791597366333,0.03574064373970032,0.05631643533706665,False
SEM,sem,24,0.33439332246780396,0.3388203233480453,0.3751210570335388,0.0044270008802413385,0.036300733685493525,0.04072773456573486,False
SEM,sem,25,0.3327652513980865,0.36765021085739136,0.3997681140899658,0.034884959459304865,0.03211790323257446,0.06700286269187933,False
SEM,sem,26,0.31460584700107574,0.3530179560184479,0.3091887086629867,0.03841210901737213,-0.043829247355461176,-0.005417138338089045,False
SEM,sem,27,0.29795524477958674,0.30270980298519135,0.29302355647087097,0.004754558205604609,-0.009686246514320374,-0.004931688308715765,False
SEM,sem,28,0.27511137723922724,0.27790606021881104,0.22419717162847513,0.0027946829795837957,-0.0537088885903359,-0.050914205610752106,False
PW_XT,pw,0,,,,,,,False
PW_XT,pw,1,0.5246498584747314,0.5266856849193573,0.5231386125087738,0.0020358264446258545,-0.003547072410583496,-0.0015112459659576416,False
PW_XT,pw,2,0.5572941601276398,0.5147099196910858,0.5562770366668701,-0.042584240436553955,0.0415671169757843,-0.0010171234607696533,False
PW_XT,pw,3,0.6488189399242401,0.6202147305011749,0.7836220264434814,-0.028604209423065186,0.16340729594230652,0.13480308651924133,False
PW_XT,pw,4,0.5633827447891235,0.5174148976802826,0.6670043468475342,-0.04596784710884094,0.1495894491672516,0.10362160205841064,False
PW_XT,pw,5,0.5325190126895905,0.5002903789281845,0.657204657793045,-0.032228633761405945,0.15691427886486053,0.12468564510345459,False
PW_XT,pw,6,0.4729071706533432,0.49079324305057526,0.6786209344863892,0.017886072397232056,0.1878276914358139,0.20571376383304596,False
PW_XT,pw,7,0.5091219842433929,0.4990277886390686,0.6664501130580902,-0.01009419560432434,0.1674223244190216,0.15732812881469727,False
PW_XT,pw,8,0.49058420956134796,0.4534575939178467,0.6346652805805206,-0.03712661564350128,0.18120768666267395,0.14408107101917267,False
PW_XT,pw,9,0.5153628289699554,0.447461262345314,0.5664966404438019,-0.06790156662464142,0.11903537809848785,0.051133811473846436,False
PW_XT,pw,10,0.4877249151468277,0.4566658288240433,0.5574485063552856,-0.031059086322784424,0.10078267753124237,0.06972359120845795,False
PW_XT,pw,11,0.4527279883623123,0.4218301326036453,0.5662738084793091,-0.030897855758666992,0.14444367587566376,0.11354582011699677,False
PW_XT,pw,12,0.4023788869380951,0.37827517092227936,0.47448162734508514,-0.024103716015815735,0.09620645642280579,0.07210274040699005,False
PW_XT,pw,13,0.424069732427597,0.36417968571186066,0.40291254222393036,-0.059890046715736334,0.0387328565120697,-0.02115719020366663,False
PW_XT,pw,14,0.44975653290748596,0.39789293706417084,0.32154735922813416,-0.051863595843315125,-0.07634557783603668,-0.1282091736793518,False
PW_XT,pw,15,0.40377315878868103,0.3078976646065712,0.21690738201141355,-0.09587549418210983,-0.09099028259515765,-0.18686577677726748,True
PW_XT,pw,16,0.35360537469387054,0.3623645752668381,0.1581505835056305,0.00875920057296753,-0.20421399176120758,-0.19545479118824005,False
PW_XT,pw,17,0.25563962757587433,0.3337814956903457,0.12829831987619394,0.07814186811447138,-0.20548317581415176,-0.12734130769968038,False
PW_XT,pw,18,0.2798749655485153,0.29657840728759766,0.16354393213987345,0.016703441739082336,-0.1330344751477242,-0.11633103340864187,False
PW_XT,pw,19,0.2439187243580818,0.27592398226261133,0.1580349802970886,0.032005257904529544,-0.11788900196552274,-0.0858837440609932,False
PW_XT,pw,20,0.21055833250284195,0.25455600768327713,0.218778558075428,0.04399767518043518,-0.03577744960784912,0.00822022557258606,False
PW_XT,pw,21,0.19639687240123743,0.2338091507554054,0.2632506787776947,0.037412278354167966,0.029441528022289304,0.06685380637645727,False
PW_XT,pw,22,0.19867049902677536,0.2042064145207405,0.20535662025213242,0.005535915493965149,0.0011502057313919067,0.006686121225357056,False
PW_XT,pw,23,0.15976186096668238,0.1846922934055328,0.17591646313667297,0.02493043243885043,-0.008775830268859836,0.016154602169990595,False
PW_XT,pw,24,0.09056960418820376,0.18872162699699396,0.16419902443885798,0.0981520228087902,-0.024522602558135986,0.07362942025065422,False
PW_XT,pw,25,0.0709378384053707,0.1555918306112289,0.18766973167657847,0.08465399220585819,0.03207790106534958,0.11673189327120777,False
PW_XT,pw,26,0.1488876789808273,0.1768010407686233,0.1513209417462349,0.027913361787795993,-0.025480099022388403,0.00243326276540759,False
PW_XT,pw,27,0.16142509877681732,0.20743811130523676,0.17760565131902695,0.04601301252841944,-0.029832459986209814,0.016180552542209625,False
PW_XT,pw,28,0.14346892386674875,0.20838278532028195,0.038483589887619005,0.0649138614535332,-0.16989919543266296,-0.10498533397912975,False
SEM_XT,sem,0,,,,,,,False
SEM_XT,sem,1,0.7437226176261902,0.7413747310638428,0.5001395344734192,-0.002347886562347412,-0.24123519659042358,-0.243583083152771,False
SEM_XT,sem,2,0.7704580724239349,0.7676045894622803,0.4524886012077331,-0.002853482961654663,-0.3151159882545472,-0.31796947121620184,False
SEM_XT,sem,3,0.6381877958774567,0.6704028844833374,0.44380511343479156,0.03221508860588074,-0.22659777104854584,-0.1943826824426651,False
SEM_XT,sem,4,0.6762493252754211,0.6618083119392395,0.7329314053058624,-0.01444101333618164,0.07112309336662292,0.056682080030441284,False
SEM_XT,sem,5,0.6776067614555359,0.6501017510890961,0.6804912090301514,-0.02750501036643982,0.030389457941055298,0.0028844475746154785,False
SEM_XT,sem,6,0.6134847402572632,0.5523001551628113,0.606736034154892,-0.061184585094451904,0.05443587899208069,-0.006748706102371216,False
SEM_XT,sem,7,0.5245489776134491,0.4846068024635315,0.5447292178869247,-0.0399421751499176,0.06012241542339325,0.020180240273475647,False
SEM_XT,sem,8,0.5463177859783173,0.5378140509128571,0.5505939722061157,-0.008503735065460205,0.012779921293258667,0.004276186227798462,False
SEM_XT,sem,9,0.53409343957901,0.5131789296865463,0.5411885976791382,-0.020914509892463684,0.028009667992591858,0.007095158100128174,False
SEM_XT,sem,10,0.5395488739013672,0.5256178826093674,0.5816386640071869,-0.013930991291999817,0.05602078139781952,0.0420897901058197,False
SEM_XT,sem,11,0.565904974937439,0.5216113030910492,0.5767495930194855,-0.04429367184638977,0.05513828992843628,0.010844618082046509,False
SEM_XT,sem,12,0.6585034132003784,0.5591779351234436,0.40479694306850433,-0.09932547807693481,-0.15438099205493927,-0.2537064701318741,False
SEM_XT,sem,13,0.6111235320568085,0.4620009958744049,0.4524514377117157,-0.14912253618240356,-0.009549558162689209,-0.15867209434509277,False
SEM_XT,sem,14,0.5922683775424957,0.4862106293439865,0.4351275861263275,-0.10605774819850922,-0.051083043217659,-0.1571407914161682,False
SEM_XT,sem,15,0.5092170834541321,0.405676856637001,0.4187401235103607,-0.1035402268171311,0.013063266873359736,-0.09047695994377136,False
SEM_XT,sem,16,0.45855575799942017,0.4176741689443588,0.3713708966970444,-0.04088158905506134,-0.04630327224731445,-0.0871848613023758,False
SEM_XT,sem,17,0.27384690940380096,0.2941232770681381,0.366220086812973,0.020276367664337158,0.0720968097448349,0.09237317740917206,True
SEM_XT,sem,18,0.3174551129341125,0.29777988046407694,0.38255907595157623,-0.019675232470035553,0.08477919548749929,0.06510396301746374,False
SEM_XT,sem,19,0.32778802514076233,0.3073088377714157,0.4123782217502594,-0.02047918736934662,0.10506938397884369,0.08459019660949707,False
SEM_XT,sem,20,0.2632959187030792,0.3419155925512314,0.4553844183683395,0.07861967384815216,0.1134688258171081,0.19208849966526026,False
SEM_XT,sem,21,0.25335071980953217,0.3416845500469208,0.4130176603794098,0.08833383023738861,0.07133311033248901,0.15966694056987762,False
SEM_XT,sem,22,0.3459281176328659,0.3481148034334183,0.3335816562175751,0.002186685800552368,-0.0145331472158432,-0.012346461415290833,False
SEM_XT,sem,23,0.34856991469860077,0.3691457062959671,0.2931470423936844,0.020575791597366333,-0.07599866390228271,-0.05542287230491638,False
SEM_XT,sem,24,0.33439332246780396,0.3388203233480453,0.2875610291957855,0.0044270008802413385,-0.05125929415225977,-0.04683229327201843,False
SEM_XT,sem,25,0.3327652513980865,0.36765021085739136,0.29061418771743774,0.034884959459304865,-0.07703602313995361,-0.04215106368064875,False
SEM_XT,sem,26,0.31460584700107574,0.3530179560184479,0.29053606092929835,0.03841210901737213,-0.06248189508914953,-0.0240697860717774,False
SEM_XT,sem,27,0.29795524477958674,0.30270980298519135,0.31145337224006653,0.004754558205604609,0.008743569254875183,0.013498127460479792,False
SEM_XT,sem,28,0.27511137723922724,0.27790606021881104,0.1327077522873878,0.0027946829795837957,-0.14519830793142324,-0.14240362495183945,False
