arm,seed,capability,layer,participation_ratio_centered,participation_ratio_uncentered,direction_norm,heldout_cohens_d,n_pairs
PW,0,MATH,0,,,0.0,,20
PW,0,MATH,1,3.4900553933401457,1.8130985938478954,1.8419691324234009,13.406776428222656,20
PW,0,MATH,2,4.279981726032586,1.6507995542522067,3.0582664012908936,20.51266860961914,20
PW,0,MATH,3,5.613891286135106,1.951509828981884,3.9232425689697266,12.671120643615723,20
PW,0,MATH,4,6.571824538040048,2.093182747308168,5.09503173828125,14.641746520996094,20
PW,0,MATH,5,7.17410099562462,2.5211078351529506,4.956750869750977,16.47281837463379,20
PW,0,MATH,6,5.292714093940629,3.8030340312640885,4.648285865783691,11.685811996459961,20
PW,0,MATH,7,4.978060039675639,3.7112857014036837,4.573390960693359,5.875998497009277,20
PW,0,MATH,8,5.250332287518043,3.4175791143966814,4.848031044006348,6.623753547668457,20
PW,0,MATH,9,6.06661175937219,2.9624118571236138,5.172897815704346,10.2532377243042,20
PW,0,MATH,10,5.752448365016111,2.756528969427145,5.614243984222412,10.135354995727539,20
PW,0,MATH,11,6.6396517810712306,2.7044845783279086,6.02803373336792,12.033936500549316,20
PW,0,MATH,12,6.537132754217569,2.5488493809471633,6.957420349121094,14.737871170043945,20
PW,0,MATH,13,6.536586568981269,2.4806094406714774,7.172441005706787,8.946819305419922,20
PW,0,MATH,14,6.46212988558726,2.2585321967946683,8.854125022888184,7.030345439910889,20
PW,0,MATH,15,6.86758891055603,2.1997358114807923,9.007974624633789,6.098660945892334,20
PW,0,MATH,16,7.465598490558194,2.496281278742245,8.009817123413086,6.403470516204834,20
PW,0,MATH,17,6.677526698431333,3.21560755346553,8.595320701599121,5.955628395080566,20
PW,0,MATH,18,7.0914762280169334,3.608456924013886,8.687544822692871,4.8046369552612305,20
PW,0,MATH,19,7.429663318208663,4.076380681096162,9.090603828430176,4.32307767868042,20
PW,0,MATH,20,6.6037425953101065,4.512061664035303,9.222175598144531,3.9980967044830322,20
PW,0,MATH,21,6.9681157045262765,5.404455460581846,9.925210952758789,4.5738749504089355,20
PW,0,MATH,22,6.87452810405783,5.692535918474251,11.455549240112305,4.052785396575928,20
PW,0,MATH,23,6.87977760232628,6.211975802068847,12.735254287719727,4.408961772918701,20
PW,0,MATH,24,6.652126544193304,6.2156850080306905,14.314606666564941,4.055976390838623,20
PW,0,MATH,25,6.9602925427801985,6.227133311401417,16.864608764648438,4.897281169891357,20
PW,0,MATH,26,7.300772640188983,5.971866666951606,20.358644485473633,4.94479513168335,20
PW,0,MATH,27,7.450205638206851,6.29310508103037,22.41949462890625,5.570763111114502,20
PW,0,MATH,28,5.118767125379655,5.132231890042054,20.943010330200195,4.548279762268066,20
PW,0,CODE,0,,,0.0,,20
PW,0,CODE,1,5.67506329285642,1.485646750237256,1.5791971683502197,16.90406608581543,20
PW,0,CODE,2,6.302043480858969,1.4136138868995334,2.68819260597229,21.306873321533203,20
PW,0,CODE,3,7.402701587887938,1.5707949186218333,3.2874929904937744,10.385452270507812,20
PW,0,CODE,4,8.27799676627333,1.818238388146713,4.3569746017456055,18.181352615356445,20
PW,0,CODE,5,6.027256344284702,2.1876709513567967,4.783130168914795,15.624955177307129,20
PW,0,CODE,6,4.246103435437627,2.975181906774856,4.547592639923096,11.650797843933105,20
PW,0,CODE,7,4.683132540797839,3.2529624019274133,4.0828962326049805,8.990605354309082,20
PW,0,CODE,8,5.0010212713993045,3.4694403458783296,3.9490678310394287,8.914289474487305,20
PW,0,CODE,9,5.53707937848415,3.4867513647383555,3.768139123916626,7.937875747680664,20
PW,0,CODE,10,5.2726645318813645,3.2878783686892943,4.113301753997803,8.040533065795898,20
PW,0,CODE,11,5.790478843290373,3.353934623006248,4.3907856941223145,6.047010898590088,20
PW,0,CODE,12,5.429030865837573,3.2269046691991807,4.753711700439453,6.929820537567139,20
PW,0,CODE,13,4.992075819664775,3.479773531740057,4.7688493728637695,7.266416072845459,20
PW,0,CODE,14,5.143321981597977,3.192999364082132,5.8771138191223145,7.908652305603027,20
PW,0,CODE,15,5.1924709465573775,3.6988691328136287,5.644925117492676,10.808035850524902,20
PW,0,CODE,16,4.857851101339817,3.697928818054516,5.457585334777832,9.217832565307617,20
PW,0,CODE,17,4.69994679032869,3.6653764674028046,6.573963165283203,6.794430732727051,20
PW,0,CODE,18,5.064304095285194,3.5329443505994265,7.136404514312744,6.66171407699585,20
PW,0,CODE,19,5.375162998486845,3.2290863562161785,8.772354125976562,7.107591152191162,20
PW,0,CODE,20,5.58354183773947,3.5273900687949213,8.918850898742676,5.457350730895996,20
PW,0,CODE,21,6.376149312876039,3.790406036834822,10.877189636230469,6.1811442375183105,20
PW,0,CODE,22,6.803062142892719,3.7659370355503405,13.228209495544434,5.552535057067871,20
PW,0,CODE,23,7.204231738984008,3.5591588887271026,16.09535026550293,4.819684982299805,20
PW,0,CODE,24,7.7192476973239605,3.4273887160424263,19.167621612548828,5.13662576675415,20
PW,0,CODE,25,7.959123036239551,3.5495963184942627,21.759992599487305,4.906603813171387,20
PW,0,CODE,26,8.548098460698704,3.551972918732726,24.941789627075195,4.563082218170166,20
PW,0,CODE,27,8.693592935010814,3.516138757176874,28.89801597595215,4.484984397888184,20
PW,0,CODE,28,8.625575022133951,3.7555897672227294,28.501514434814453,3.7655489444732666,20
SEM,0,MATH,0,,,0.0,,20
SEM,0,MATH,1,3.9006184520217535,3.775054144138791,0.20109251141548157,1.3927228450775146,20
SEM,0,MATH,2,6.137591084613884,3.8936091870976828,0.6005443930625916,2.6276097297668457,20
SEM,0,MATH,3,3.998687732757029,4.506764530652933,0.9339417815208435,1.6222975254058838,20
SEM,0,MATH,4,5.048297446326003,4.819999045146018,1.5024614334106445,3.5768074989318848,20
SEM,0,MATH,5,5.781622913971248,5.30621682250003,1.7268186807632446,3.369704008102417,20
SEM,0,MATH,6,4.778139382328708,5.063929254305357,1.9324235916137695,2.90165376663208,20
SEM,0,MATH,7,4.4076310760940975,4.817378022099991,1.9294196367263794,2.91774320602417,20
SEM,0,MATH,8,5.082203907322769,5.011170524279136,1.973663568496704,2.8366894721984863,20
SEM,0,MATH,9,5.158448303295105,5.061067928099802,1.8920294046401978,2.456050157546997,20
SEM,0,MATH,10,5.067991566903973,5.220875079662932,1.9566230773925781,2.6580655574798584,20
SEM,0,MATH,11,5.756373577626599,5.368390530106016,2.3707947731018066,4.701361179351807,20
SEM,0,MATH,12,6.365412624219694,5.2466102211852705,3.111215114593506,3.07637357711792,20
SEM,0,MATH,13,7.115567932667861,5.73788072054588,2.9746129512786865,3.46305775642395,20
SEM,0,MATH,14,7.547769393029579,5.528530458372716,3.5021140575408936,3.5378763675689697,20
SEM,0,MATH,15,7.489353073060186,6.060315962652701,3.3236896991729736,4.19417142868042,20
SEM,0,MATH,16,8.275735779529214,6.354605004848946,3.22013258934021,4.27125358581543,20
SEM,0,MATH,17,7.801346683607954,5.622346760844286,4.09084415435791,3.5545663833618164,20
SEM,0,MATH,18,7.907327998042138,6.129360475994039,4.171627521514893,3.496704339981079,20
SEM,0,MATH,19,8.049912671422065,6.092926727253883,4.751817226409912,3.38527250289917,20
SEM,0,MATH,20,6.876521978503809,5.4225457892802575,5.2257080078125,3.0725114345550537,20
SEM,0,MATH,21,7.595835430558122,5.730194208824687,6.470418453216553,3.4193453788757324,20
SEM,0,MATH,22,7.019265687928319,4.9469157936457755,8.239063262939453,3.6103618144989014,20
SEM,0,MATH,23,6.954044744745984,4.845462777066416,10.03207015991211,3.565993547439575,20
SEM,0,MATH,24,7.031496498051897,4.791330768212103,11.71387767791748,3.567438840866089,20
SEM,0,MATH,25,7.493461792027909,4.91399223754549,13.708294868469238,3.6257457733154297,20
SEM,0,MATH,26,7.425322793433501,4.7599903783571875,15.57420539855957,3.8769094944000244,20
SEM,0,MATH,27,8.435560721403037,5.598800278922253,16.83536720275879,4.146814823150635,20
SEM,0,MATH,28,8.650910874698729,5.4717210447309235,16.1750545501709,3.90744686126709,20
SEM,0,CODE,0,,,0.0,,20
SEM,0,CODE,1,5.203134496079857,3.5503851833645643,0.18508359789848328,0.6740385890007019,20
SEM,0,CODE,2,5.838505215385134,5.316221357941503,0.31765180826187134,2.403646230697632,20
SEM,0,CODE,3,3.0877555188624117,2.3052342999981317,1.1579453945159912,0.6276323795318604,20
SEM,0,CODE,4,4.28357090752123,3.1580201636188834,1.9708443880081177,2.4128031730651855,20
SEM,0,CODE,5,4.119406474270143,3.3449614115025668,2.287595748901367,2.390784740447998,20
SEM,0,CODE,6,3.6429479864547156,3.366614462976643,2.69399356842041,1.8619407415390015,20
SEM,0,CODE,7,3.6083102822572846,3.4199307389355704,2.5633459091186523,1.645383596420288,20
SEM,0,CODE,8,3.8263863117023,3.3503821006328844,2.6321632862091064,1.7312073707580566,20
SEM,0,CODE,9,3.480012246924961,3.1783877438686705,2.6079628467559814,1.8734883069992065,20
SEM,0,CODE,10,3.150698047498717,3.2790128046806095,2.656980276107788,2.2971160411834717,20
SEM,0,CODE,11,3.763460567117527,3.8153507005982212,2.9383699893951416,2.975829601287842,20
SEM,0,CODE,12,3.9308509577521584,3.7283420442384356,4.330963611602783,1.9565842151641846,20
SEM,0,CODE,13,4.834106368821816,3.6169932032436214,4.67451286315918,1.8662364482879639,20
SEM,0,CODE,14,5.177726931722729,3.592930237992019,5.120500564575195,2.0070555210113525,20
SEM,0,CODE,15,5.6771268513118285,3.576738159574707,5.136662006378174,1.9727647304534912,20
SEM,0,CODE,16,5.6671291713364065,3.5534572763496812,4.856610298156738,1.988057017326355,20
SEM,0,CODE,17,6.3289620074764095,3.479835588629196,5.84475564956665,2.167031764984131,20
SEM,0,CODE,18,6.1157414700669,3.428262104836495,6.432178974151611,2.29648494720459,20
SEM,0,CODE,19,6.236909107919837,3.5105669606733043,7.039586544036865,2.38201904296875,20
SEM,0,CODE,20,5.5665731231051705,3.5074744920498118,7.458347797393799,2.14217209815979,20
SEM,0,CODE,21,6.373921897806074,3.745617907784317,8.652998924255371,1.9991456270217896,20
SEM,0,CODE,22,6.370378369589195,3.7185818145176177,10.797359466552734,2.0897178649902344,20
SEM,0,CODE,23,7.05467085252154,3.708292213790834,12.792681694030762,2.0377554893493652,20
SEM,0,CODE,24,7.200561385445943,3.829343030887615,14.856504440307617,2.030219554901123,20
SEM,0,CODE,25,6.420282896247915,3.9240753244663193,16.982038497924805,1.9305206537246704,20
SEM,0,CODE,26,7.717133925722231,4.144761673159186,18.494815826416016,2.170886278152466,20
SEM,0,CODE,27,7.702284481111036,4.428746494609327,20.52750015258789,2.22796893119812,20
SEM,0,CODE,28,7.0249444238848255,4.70385982841758,17.6543025970459,2.4060378074645996,20
